{"name":"sbt","version":"1.9.6","bspVersion":"2.1.0-M1","languages":["scala"],"argv":["/Users/maxon462/Library/Java/JavaVirtualMachines/corretto-18.0.2/Contents/Home/bin/java","-Xms100m","-Xmx100m","-classpath","/Users/maxon462/Library/Caches/Coursier/arc/https/github.com/sbt/sbt/releases/download/v1.9.6/sbt-1.9.6.zip/sbt/bin/sbt-launch.jar","-Dsbt.script=/Users/maxon462/Library/Caches/Coursier/arc/https/github.com/sbt/sbt/releases/download/v1.9.6/sbt-1.9.6.zip/sbt/bin/sbt","xsbt.boot.Boot","-bsp"]}